{"initial_reset_timestamp": 1607058434.8386226, "timestamps": [1607058602.0083616], "episode_lengths": [912], "episode_rewards": [-267.7704477938654], "episode_types": ["t", "t"]}