{"initial_reset_timestamp": 1607055504.2033868, "timestamps": [1607055648.4661632], "episode_lengths": [785], "episode_rewards": [-134.19283196440034], "episode_types": ["t", "t"]}